Time_Sec;True_Lateral;True_Longitudinal;True_Vertical;True_Pitch;True_Yaw;True_Roll
0.002;-0.0;0.0;0.0;0.0;-0.0;0.0
0.102;-0.0;0.0;0.0;0.0;-0.0;0.0
0.203;-0.0;0.0;0.0;0.0;-0.0;0.0
0.305;-0.0;0.0;0.0;0.0;-0.0;0.0
0.407;-0.0;0.0;0.0;0.0;-0.0;0.0
0.525;-0.0;0.0;0.0;0.0;-0.0;0.0
0.628;-0.0;0.0;0.0;0.0;-0.0;0.0
0.735;-0.0;0.0;0.0;0.0;-0.0;0.0
0.842;-0.0;0.0;0.0;0.0;-0.0;0.0
0.944;-0.0;0.0;0.0;0.0;-0.0;0.0
1.051;-0.0;0.0;0.0;0.0;-0.0;0.0
1.159;-0.0;0.0;0.0;0.0;-0.0;0.0
1.264;-0.0;0.0;0.0;0.0;-0.0;0.0
1.369;-0.0;0.0;0.0;0.0;-0.0;0.0
1.47;-0.0;0.0;0.0;0.0;-0.0;0.0
1.583;-0.0;0.0;0.0;0.0;-0.0;0.0
1.683;-0.0;0.0;0.0;0.0;-0.0;0.0
1.785;-0.0;0.0;0.0;0.0;-0.0;0.0
1.897;-0.0;0.0;0.0;0.0;-0.0;0.0
2.005;-0.0;0.0;0.0;0.0;-0.0;0.0
2.115;-0.0;0.0;0.0;0.0;-0.0;0.0
2.23;-0.0;0.0;0.0;0.0;-0.0;0.0
2.332;-0.0;0.0;0.0;0.0;-0.0;0.0
2.434;-0.0;0.0;0.0;0.0;-0.0;0.0
2.548;-0.0;0.0;0.0;0.0;-0.0;0.0
2.66;-0.0;0.0;0.0;0.0;-0.0;0.0
2.762;-0.0;0.0;0.0;0.0;-0.0;0.0
2.881;-0.0;0.0;0.0;0.0;-0.0;0.0
2.99;-0.0;0.0;0.0;0.0;-0.0;0.0
3.104;-0.0;0.0;0.0;0.0;-0.0;0.0
3.21;-0.0;0.0;0.0;0.0;-0.0;0.0
3.327;-0.0;0.0;0.0;0.0;-0.0;0.0
3.427;-0.0;0.0;0.0;0.0;-0.0;0.0
3.533;-0.0;0.0;0.0;0.0;-0.0;0.0
3.642;-0.0;0.0;0.0;0.0;-0.0;0.0
3.754;-0.0;0.0;0.0;0.0;-0.0;0.0
3.865;-0.0;0.0;0.0;0.0;-0.0;0.0
3.974;-0.0;0.0;0.0;0.0;-0.0;0.0
4.086;-0.0;0.0;0.0;0.0;-0.0;0.0
4.195;-0.0;0.0;0.0;0.0;-0.0;0.0
4.311;-0.0;0.0;0.0;0.0;-0.0;0.0
4.424;-0.0;0.0;0.0;0.0;-0.0;0.0
4.531;-0.0;0.0;0.0;0.0;-0.0;0.0
4.647;-0.0;0.0;0.0;0.0;-0.0;0.0
4.754;-0.0;0.0;0.0;0.0;-0.0;0.0
4.864;-0.0;0.0;0.0;0.0;-0.0;0.0
4.974;-0.0;0.0;0.0;0.0;-0.0;0.0
5.084;-0.0;0.0;0.0;0.0;-0.0;0.0
5.199;-0.0;0.0;0.0;0.0;-0.0;0.0
5.31;-0.0;0.0;0.0;0.0;-0.0;0.0
5.419;-0.0;0.0;0.0;0.0;-0.0;0.0
5.528;-0.0;0.0;0.0;0.0;-0.0;0.0
5.646;-0.0;0.0;0.0;0.0;-0.0;0.0
5.749;-0.0;0.0;0.0;0.0;-0.0;0.0
5.85;-0.0;0.0;0.0;0.0;-0.0;0.0
5.957;-0.0;0.0;0.0;0.0;-0.0;0.0
6.068;-0.0;0.0;0.0;0.0;-0.0;0.0
6.179;-0.0;0.0;0.0;0.0;-0.0;0.0
6.291;-0.0;0.0;0.0;0.0;-0.0;0.0
6.401;-0.0;0.0;0.0;0.0;-0.0;0.0
6.512;-0.0;0.0;0.0;0.0;-0.0;0.0
6.623;-0.0;0.0;0.0;0.0;-0.0;0.0
6.734;-0.0;0.0;0.0;0.0;-0.0;0.0
6.834;-0.0;0.0;0.0;0.0;-0.0;0.0
6.942;-0.0;0.0;0.0;0.0;-0.0;0.0
7.052;-0.0;0.0;0.0;0.0;-0.0;0.0
7.165;-0.0;0.0;0.0;0.0;-0.0;0.0
7.27;-0.0;0.0;0.0;0.0;-0.0;0.0
7.383;-0.0;0.0;0.0;0.0;-0.0;0.0
7.492;-0.0;0.0;0.0;0.0;-0.0;0.0
7.603;-0.0;0.0;0.0;0.0;-0.0;0.0
7.712;-0.0;0.0;0.0;0.0;-0.0;0.0
7.822;-0.0;0.0;0.0;0.0;-0.0;0.0
7.93;-0.0;0.0;0.0;0.0;-0.0;0.0
8.042;-0.0;0.0;0.0;0.0;-0.0;0.0
8.151;-0.0;0.0;0.0;0.0;-0.0;0.0
8.251;-0.0;0.0;0.0;0.0;-0.0;0.0
8.357;-0.0;0.0;0.0;0.0;-0.0;0.0
8.457;-0.0;0.0;0.0;0.0;-0.0;0.0
8.578;-0.0;0.0;0.0;0.0;-0.0;0.0
8.689;-0.0;0.0;0.0;0.0;-0.0;0.0
8.799;-0.0;0.0;0.0;0.0;-0.0;0.0
8.899;-0.0;0.0;0.0;0.0;-0.0;0.0
9.018;-0.0;0.0;0.0;0.0;-0.0;0.0
9.13;-0.0;0.0;0.0;0.0;-0.0;0.0
9.241;-0.0;0.0;0.0;0.0;-0.0;0.0
9.353;-0.0;0.0;0.0;0.0;-0.0;0.0
9.464;-0.0;0.0;0.0;0.0;-0.0;0.0
9.578;-0.0;0.0;0.0;0.0;-0.0;0.0
9.684;-0.0;0.0;0.0;0.0;-0.0;0.0
9.795;-0.0;0.0;0.0;0.0;-0.0;0.0
9.896;-0.0;0.0;0.0;0.0;-0.0;0.0
10.008;-0.0;0.0;0.0;0.0;-0.0;0.0
10.109;-0.0;0.0;0.0;0.0;-0.0;0.0
10.214;-0.0;0.0;0.0;0.0;-0.0;0.0
10.328;-0.0;0.0;0.0;0.0;-0.0;0.0
10.44;-0.0;0.0;0.0;0.0;-0.0;0.0
10.549;-0.0;0.0;0.0;0.0;-0.0;0.0
10.661;-0.0;0.0;0.0;0.0;-0.0;0.0
10.772;-0.0;0.0;0.0;0.0;-0.0;0.0
10.884;-0.0;0.0;0.0;0.0;-0.0;0.0
10.995;-0.0;0.0;0.0;0.0;-0.0;0.0
11.106;-0.0;0.0;0.0;0.0;-0.0;0.0
11.219;-0.0;0.0;0.0;0.0;-0.0;0.0
11.325;-0.0;0.0;0.0;0.0;-0.0;0.0
11.434;-0.0;0.0;0.0;0.0;-0.0;0.0
11.537;-0.0;0.0;0.0;0.0;-0.0;0.0
11.644;-0.0;0.0;0.0;0.0;-0.0;0.0
11.751;-0.0;0.0;0.0;0.0;-0.0;0.0
11.858;-0.0;0.0;0.0;0.0;-0.0;0.0
11.97;-0.0;0.0;0.0;0.0;-0.0;0.0
12.074;-0.0;0.0;0.0;0.0;-0.0;0.0
12.187;-0.0;0.0;0.0;0.0;-0.0;0.0
12.299;-0.0;0.0;0.0;0.0;-0.0;0.0
12.405;-0.0;0.0;0.0;0.0;-0.0;0.0
12.507;-0.0;0.0;0.0;0.0;-0.0;0.0
12.609;-0.0;0.0;0.0;0.0;-0.0;0.0
12.713;-0.0;0.0;0.0;0.0;-0.0;0.0
12.815;-0.0;0.0;0.0;0.0;-0.0;0.0
12.927;-0.0;0.0;0.0;0.0;-0.0;0.0
13.029;-0.0;0.0;0.0;0.0;-0.0;0.0
13.146;0.0;-0.16125;0.0;0.0;-0.0;0.0
13.248;0.0;-0.67125;0.0;0.0;-0.0;0.0
13.353;0.0;-1.18125;0.0;0.0;-0.0;0.0
13.457;0.0;-1.94125;0.0;0.0;-0.0;0.0
13.568;0.0;-2.1975;0.0;0.0;-0.0;0.0
13.669;0.0;-2.9625;0.0;0.0;-0.0;0.0
13.772;0.0;-3.47125;0.0;0.0;-0.0;0.0
13.874;0.0;-3.98;0.0;0.0;-0.0;0.0
13.975;0.0;-4.49;0.0;0.0;-0.0;0.0
14.076;0.0;-4.95625;0.0;0.0;-0.0;0.0
14.183;0.0;-5.0;0.0;0.0;-0.0;0.0
14.291;0.0;-5.0;0.0;0.0;-0.0;0.0
14.395;0.0;-5.0;0.0;0.0;-0.0;0.0
14.504;0.0;-5.0;0.0;0.0;-0.0;0.0
14.611;0.0;-5.0;0.0;0.0;-0.0;0.0
14.716;0.0;-5.0;0.0;0.0;-0.0;0.0
14.828;0.0;-5.0;0.0;0.0;-0.0;0.0
14.933;0.0;-5.0;0.0;0.0;-0.0;0.0
15.046;0.0;-5.0;0.0;0.0;-0.0;0.0
15.148;0.0;-5.0;0.0;0.0;-0.0;0.0
15.249;0.0;-5.0;0.0;0.0;-0.0;0.0
15.351;0.0;-5.0;0.0;0.0;-0.0;0.0
15.452;0.0;-5.0;0.0;0.0;-0.0;0.0
15.567;0.0;-5.0;0.0;0.0;-0.0;0.0
15.667;0.0;-5.0;0.0;0.0;-0.0;0.0
15.77;0.0;-5.0;0.0;0.0;-0.0;0.0
15.871;0.0;-5.0;0.0;0.0;-0.0;0.0
15.973;0.0;-5.0;0.0;0.0;-0.0;0.0
16.079;0.0;-5.0;0.0;0.0;-0.0;0.0
16.186;0.0;-5.0;0.0;0.0;-0.0;0.0
16.286;0.0;-4.96;0.0;0.0;-0.0;0.0
16.402;0.0;-4.7475;0.0;0.0;-0.0;0.0
16.503;0.0;-3.9875;0.0;0.0;-0.0;0.0
16.613;0.0;-3.48;0.0;0.0;-0.0;0.0
16.714;0.0;-2.97625;0.0;0.0;-0.0;0.0
16.818;0.0;-2.46625;0.0;0.0;-0.0;0.0
16.943;0.0;-1.71;0.0;0.0;-0.0;0.0
17.043;0.0;-1.2025;0.0;0.0;-0.0;0.0
17.147;0.0;-0.69625;0.0;0.0;-0.0;0.0
17.263;0.0;-0.19;0.0;0.0;-0.0;0.0
17.38;-0.0;0.0;0.0;0.0;-0.0;0.0
17.487;-0.0;0.0;0.0;0.0;-0.0;0.0
17.589;-0.0;0.0;0.0;0.0;-0.0;0.0
17.694;-0.0;0.0;0.0;0.0;-0.0;0.0
17.803;-0.0;0.0;0.0;0.0;-0.0;0.0
17.913;-0.0;0.0;0.0;0.0;-0.0;0.0
18.014;-0.0;0.0;0.0;0.0;-0.0;0.0
18.129;-0.0;0.0;0.0;0.0;-0.0;0.0
18.242;-0.0;0.0;0.0;0.0;-0.0;0.0
18.349;-0.0;0.0;0.0;0.0;-0.0;0.0
18.458;-0.0;0.0;0.0;0.0;-0.0;0.0
18.567;-0.0;0.0;0.0;0.0;-0.0;0.0
18.679;-0.0;0.0;0.0;0.0;-0.0;0.0
18.789;-0.0;0.0;0.0;0.0;-0.0;0.0
18.899;-0.0;0.0;0.0;0.0;-0.0;0.0
18.999;-0.0;0.0;0.0;0.0;-0.0;0.0
19.127;-0.0;0.0;0.0;0.0;-0.0;0.0
19.236;-0.0;0.0;0.0;0.0;-0.0;0.0
19.343;-0.0;0.0;0.0;0.0;-0.0;0.0
19.445;-0.0;0.0;0.0;0.0;-0.0;0.0
19.554;0.0;-0.001833375539009044;6.178826339464649e-09;0.00038619456624819793;-0.0;0.0
19.665;0.0;-0.9214979709065674;0.0015645736630691687;0.19433516529953973;-0.0;0.0
19.778;0.0;-1.6734236434009033;0.005169452083013226;0.3532450811328402;-0.0;0.0
19.887;0.0;-2.4152921521484316;0.010789229821577706;0.5103285153649986;-0.0;0.0
19.994;0.0;-3.1653742252537214;0.018566614484495148;0.6694559542209219;-0.0;0.0
20.11;0.0;-4.295124017935687;0.034284208418595696;0.9097138429352618;-0.0;0.0
20.22;0.0;-5.050141333929135;0.0474894519708382;1.0706760205869081;-0.0;0.0
20.332;0.0;-5.804205007327164;0.06285301674319221;1.2317557695119068;-0.0;0.0
20.436;0.0;-6.927164357508929;0.08978963232266501;1.472238676108509;-0.0;0.0
20.539;0.0;-7.304029192495044;0.099924066219371;1.5531075248037174;-0.0;0.0
20.656;0.0;-8.053417181575172;0.12172044920793468;1.7141591782278234;-0.0;0.0
20.76;0.0;-9.166675499598112;0.15816469997621851;1.9540200072190559;-0.0;0.0
20.873;0.0;-9.915480161442058;0.18543066538486208;2.1157708643910373;-0.0;0.0
20.984;0.0;-10.661516157109975;0.2148134109649451;2.277259173180146;-0.0;0.0
21.092;0.0;-11.393996931708651;0.24582924920055937;2.4361423972369707;-0.0;0.0
21.207;0.0;-12.130931174603681;0.2792139440201389;2.5963240000680963;-0.0;0.0
21.313;0.0;-13.225584086463295;0.33287043727293053;2.834882688031789;-0.0;0.0
21.413;0.0;-13.592985106350842;0.3519756274299084;2.9151191985762934;-0.0;0.0
21.524;0.0;-14.488082160929231;0.40084366728887133;3.1109572319280763;-0.0;0.0
21.633;0.0;-14.489870927469372;0.4009446342985896;3.1113491072371917;-0.0;0.0
21.743;0.0;-14.489870927469372;0.4009446342985896;3.1113491072371917;-0.0;0.0
21.858;0.0;-14.489870927469372;0.4009446342985896;3.1113491072371917;-0.0;0.0
21.965;0.0;-14.489870927469372;0.4009446342985896;3.1113491072371917;-0.0;0.0
22.065;0.0;-14.489870927469372;0.4009446342985896;3.1113491072371917;-0.0;0.0
22.17;0.0;-14.489870927469372;0.4009446342985896;3.1113491072371917;-0.0;0.0
22.272;0.0;-14.489870927469372;0.4009446342985896;3.1113491072371917;-0.0;0.0
22.384;0.0;-14.489870927469372;0.4009446342985896;3.1113491072371917;-0.0;0.0
22.488;0.0;-14.489870927469372;0.4009446342985896;3.1113491072371917;-0.0;0.0
22.588;0.0;-14.489870927469372;0.4009446342985896;3.1113491072371917;-0.0;0.0
22.689;0.0;-14.489870927469372;0.4009446342985896;3.1113491072371917;-0.0;0.0
22.789;0.0;-14.489870927469372;0.4009446342985896;3.1113491072371917;-0.0;0.0
22.89;0.0;-14.489870927469372;0.4009446342985896;3.1113491072371917;-0.0;0.0
22.99;0.0;-14.489870927469372;0.4009446342985896;3.1113491072371917;-0.0;0.0
23.091;0.0;-14.489870927469372;0.4009446342985896;3.1113491072371917;-0.0;0.0
23.192;0.0;-14.489870927469372;0.4009446342985896;3.1113491072371917;-0.0;0.0
23.301;0.0;-14.489870927469372;0.4009446342985896;3.1113491072371917;-0.0;0.0
23.409;0.0;-14.489870927469372;0.4009446342985896;3.1113491072371917;-0.0;0.0
23.519;0.0;-14.489870927469372;0.4009446342985896;3.1113491072371917;-0.0;0.0
23.623;0.0;-14.489870927469372;0.4009446342985896;3.1113491072371917;-0.0;0.0
23.724;0.0;-14.489870927469372;0.4009446342985896;3.1113491072371917;-0.0;0.0
23.829;0.0;-14.255493948295737;0.38782786437896277;3.060020238717521;-0.0;0.0
23.938;0.0;-13.523107703503076;0.34829933578023287;2.899852148060559;-0.0;0.0
24.04;0.0;-12.791564453014413;0.31101228290652294;2.7402067984156164;-0.0;0.0
24.152;0.0;-12.055484049504503;0.275695145395769;2.5799092363386644;-0.0;0.0
24.255;0.0;-11.327446384984501;0.24292223346292907;2.4216932902048436;-0.0;0.0
24.365;0.0;-10.587676399110885;0.21180612965773626;2.2612606563234574;-0.0;0.0
24.481;0.0;-9.477140745088528;0.16919983923630078;2.0210435264930147;-0.0;0.0
24.59;0.0;-8.729577316313568;0.14327404000414745;1.8597561224674848;-0.0;0.0
24.697;0.0;-7.981054300727708;0.11952001517307131;1.6985932821983132;-0.0;0.0
24.808;0.0;-7.240631305237448;0.0981805750812903;1.5394976432404854;-0.0;0.0
24.91;0.0;-6.49202100155232;0.0787734774950053;1.3789663518187658;-0.0;0.0
25.015;0.0;-5.3682363932728085;0.05370461831926576;1.1385867916131522;-0.0;0.0
25.116;0.0;-4.626357317135291;0.03981001030209619;0.9802901081512454;-0.0;0.0
25.217;0.0;-3.874448987879269;0.027867133178029135;0.8201684004771503;-0.0;0.0
25.318;0.0;-3.123423385628731;0.018075807174911418;0.6605480780346749;-0.0;0.0
25.418;0.0;-2.376941844599898;0.010448304303947609;0.5022008863213047;-0.0;0.0
25.519;0.0;-1.6222269514632375;0.004857352322959585;0.3424156670529089;-0.0;0.0
25.619;0.0;-0.8665766547031986;0.0013834424073486673;0.18274011942320573;-0.0;0.0
25.723;0.0;-0.11732502566919462;2.5311051420118247e-05;0.024717712390960652;-0.0;0.0
25.83;-0.0;0.6365108012377627;0.0007435688068859747;-0.1339719437555779;-0.0;0.0
25.931;-0.0;1.3931049339415131;0.0035551587182176547;-0.2929430159342832;-0.0;0.0
26.033;-0.0;2.1487827789212384;0.008442343819709208;-0.45142522074016134;-0.0;0.0
26.136;-0.0;2.9053778343912193;0.015405395576182812;-0.6098059468122707;-0.0;0.0
26.236;-0.0;3.6573557647753168;0.024366909469591747;-0.7669316227483085;-0.0;0.0
26.345;-0.0;4.415773356696038;0.035454797003167116;-0.9251143069237959;-0.0;0.0
26.461;-0.0;5.176951631286471;0.04864139612443452;-1.0835842061694447;-0.0;0.0
26.587;-0.0;5.929790541420999;0.06370088646753302;-1.240036282298801;-0.0;0.0
26.689;-0.0;7.0727710964830806;0.09037579163834764;-1.4770366144612832;-0.0;0.0
26.807;-0.0;7.837130780819097;0.1107626817250047;-1.6351765413530326;-0.0;0.0
26.908;-0.0;8.977935912735115;0.1449622043613381;-1.870681539129568;-0.0;0.0
27.011;-0.0;9.359272346467225;0.15739618785018372;-1.9492665385897812;-0.0;0.0
27.126;-0.0;10.502762822897925;0.19767328721958854;-2.1845071753458463;-0.0;0.0
27.229;-0.0;10.886859421027433;0.2122048093218485;-2.2633881017276933;-0.0;0.0
27.343;-0.0;12.031161247225427;0.25846756062204257;-2.4979894329021617;-0.0;0.0
27.465;-0.0;12.795760895393222;0.2918456664513762;-2.6544138953375622;-0.0;0.0
27.565;-0.0;13.9415113171413;0.34553630926151513;-2.8883246697719054;-0.0;0.0
27.684;-0.0;14.689562240427264;0.3829544277400512;-3.0407288407838844;-0.0;0.0
27.788;-0.0;14.839648570261698;0.3906858071426935;-3.0712770335610764;-0.0;0.0
27.902;-0.0;14.839648570261698;0.3906858071426935;-3.0712770335610764;-0.0;0.0
28.004;-0.0;14.839648570261698;0.3906858071426935;-3.0712770335610764;-0.0;0.0
28.118;-0.0;14.839648570261698;0.3906858071426935;-3.0712770335610764;-0.0;0.0
28.219;-0.0;14.839648570261698;0.3906858071426935;-3.0712770335610764;-0.0;0.0
28.324;-0.0;14.839648570261698;0.3906858071426935;-3.0712770335610764;-0.0;0.0
28.44;-0.0;14.839648570261698;0.3906858071426935;-3.0712770335610764;-0.0;0.0
28.543;-0.0;14.839648570261698;0.3906858071426935;-3.0712770335610764;-0.0;0.0
28.66;-0.0;14.839648570261698;0.3906858071426935;-3.0712770335610764;-0.0;0.0
28.778;-0.0;14.839648570261698;0.3906858071426935;-3.0712770335610764;-0.0;0.0
28.88;-0.0;14.839648570261698;0.3906858071426935;-3.0712770335610764;-0.0;0.0
28.998;-0.0;14.839648570261698;0.3906858071426935;-3.0712770335610764;-0.0;0.0
29.1;-0.0;14.839648570261698;0.3906858071426935;-3.0712770335610764;-0.0;0.0
29.218;-0.0;14.839648570261698;0.3906858071426935;-3.0712770335610764;-0.0;0.0
29.318;-0.0;14.839648570261698;0.3906858071426935;-3.0712770335610764;-0.0;0.0
29.42;-0.0;14.839648570261698;0.3906858071426935;-3.0712770335610764;-0.0;0.0
29.52;-0.0;14.839648570261698;0.3906858071426935;-3.0712770335610764;-0.0;0.0
29.624;-0.0;14.839648570261698;0.3906858071426935;-3.0712770335610764;-0.0;0.0
29.729;-0.0;14.839648570261698;0.3906858071426935;-3.0712770335610764;-0.0;0.0
29.84;-0.0;14.839648570261698;0.3906858071426935;-3.0712770335610764;-0.0;0.0
29.943;-0.0;14.79086680793392;0.38816472323806295;-3.061349199938648;-0.0;0.0
30.059;-0.0;14.104548457750958;0.35353285630302267;-2.9215620872284496;-0.0;0.0
30.16;-0.0;13.334690619179264;0.31655295510554105;-2.7645120832963697;-0.0;0.0
30.26;-0.0;12.567596774868164;0.28167926041774827;-2.6077628872867717;-0.0;0.0
30.361;-0.0;11.416760790907103;0.23307626792189318;-2.3721012533723624;-0.0;0.0
30.462;-0.0;10.644442070706516;0.20297492338684897;-2.213611396292425;-0.0;0.0
30.582;-0.0;10.258624738349802;0.18869834168576638;-2.1343337437187366;-0.0;0.0
30.7;-0.0;9.106263119164982;0.14909059209530007;-1.897134567515611;-0.0;0.0
30.802;-0.0;8.334823763051546;0.12512883215992865;-1.7379950067696623;-0.0;0.0
30.905;-0.0;7.56987250902978;0.10340307842333019;-1.5799148158447371;-0.0;0.0
31.018;-0.0;6.802124242746962;0.0836457639516599;-1.4209745000698377;-0.0;0.0
31.126;-0.0;5.6522277049217715;0.05791582971576226;-1.1823866724687304;-0.0;0.0
31.238;-0.0;5.276785560849253;0.05052328630928571;-1.1043473584833177;-0.0;0.0
31.34;-0.0;4.1296449108057205;0.031030585087304274;-0.8654705398121638;-0.0;0.0
31.443;-0.0;3.3697283742796817;0.020699600901712856;-0.7068657164303352;-0.0;0.0
31.554;-0.0;2.6217774574790447;0.012553434843368905;-0.5504731428481896;-0.0;0.0
31.658;-0.0;1.867364785636855;0.006380265664809315;-0.39244012773373727;-0.0;0.0
31.76;-0.0;1.1138655211531157;0.002274355744578571;-0.2343056055784968;-0.0;0.0
31.86;-0.0;0.35761254094569045;0.00023487550589074147;-0.07529602916912624;-0.0;0.0
31.961;-0.0;0.0;0.0;0.0;-0.0;0.0
32.074;-0.0;0.0;0.0;0.0;-0.0;0.0
32.174;-0.0;0.0;0.0;0.0;-0.0;0.0
32.278;-0.0;0.0;0.0;0.0;-0.0;0.0
32.38;-0.0;0.0;0.0;0.0;-0.0;0.0
32.481;-0.0;0.0;0.0;0.0;-0.0;0.0
32.587;-0.0;0.0;0.0;0.0;-0.0;0.0
32.688;-0.0;0.0;0.0;0.0;-0.0;0.0
32.788;-0.0;0.0;0.0;0.0;-0.0;0.0
32.888;-0.0;0.0;0.0;0.0;-0.0;0.0
32.989;-0.0;0.0;0.0;0.0;-0.0;0.0
33.091;-0.0;0.0;0.0;0.0;-0.0;0.0
33.193;-0.0;0.0;0.0;0.0;-0.0;0.0
33.294;-0.0;0.0;0.0;0.0;-0.0;0.0
33.394;-0.0;0.0;0.0;0.0;-0.0;0.0
33.506;-0.0;0.0;0.0;0.0;-0.0;0.0
33.608;-0.0;0.0;0.0;0.0;-0.0;0.0
33.71;-0.0;0.0;0.0;0.0;-0.0;0.0
33.81;-0.0;0.0;0.0;0.0;-0.0;0.0
33.911;-0.0;0.0;0.0;0.0;-0.0;0.0
34.019;-0.0;0.0;0.0;0.0;-0.0;0.0
34.133;-0.0;0.0;0.0;0.0;-0.0;0.0
34.24;-0.0;0.0;0.0;0.0;-0.0;0.0
34.34;-0.0;0.0;0.0;0.0;-0.0;0.0
34.462;-0.0;0.0;0.0;0.0;-0.0;0.0
34.579;-0.0;0.0;0.0;0.0;-0.0;0.0
34.685;-0.0;0.0;0.0;0.0;-0.0;0.0
34.786;-0.0;0.0;0.0;0.0;-0.0;0.0
34.903;-0.0;0.0;0.0;0.0;-0.0;0.0
35.005;-0.0;0.0;0.0;0.0;-0.0;0.0
35.118;-0.0;0.0;0.0;0.0;-0.0;0.0
35.23;-0.0;0.0;0.0;0.0;-0.0;0.0
35.336;-0.0;0.0;0.0;0.0;-0.0;0.0
35.449;-0.0;0.0;0.0;0.0;-0.0;0.0
35.559;-0.0;0.0;0.0;0.0;-0.0;0.0
35.673;-0.0;0.0;0.0;0.0;-0.0;0.0
35.781;-0.0;0.0;0.0;0.0;-0.0;0.0
35.881;-0.0;0.0;0.0;0.0;-0.0;0.0
35.99;-0.0;0.0;0.0;0.0;-0.0;0.0
36.097;-0.0;0.0;0.0;0.0;-0.0;0.0
36.214;0.0;-0.17781200077680112;5.81456081825138e-05;0.03746378432942574;-0.0;0.0
36.324;0.0;-0.9288204408780703;0.0015895668498249194;0.1958812145851764;-0.0;0.0
36.433;0.0;-1.671595264158267;0.005158138090875397;0.3528583076590051;-0.0;0.0
36.546;0.0;-2.422596697843366;0.010854789932071895;0.511876667778831;-0.0;0.0
36.655;0.0;-3.172669726055734;0.018652645350323738;0.6710051857487278;-0.0;0.0
36.765;0.0;-3.9163475865492394;0.028476174260211096;0.8290825761590995;-0.0;0.0
36.873;0.0;-5.050141333929135;0.0474894519708382;1.0706760205869081;-0.0;0.0
36.991;0.0;-5.804205007327164;0.06285301674319221;1.2317557695119068;-0.0;0.0
37.094;0.0;-6.934414030778244;0.08997938185289556;1.473793558029065;-0.0;0.0
37.2;0.0;-7.311274230556162;0.10012430633420699;1.5546629951611348;-0.0;0.0
37.303;0.0;-8.053417181575172;0.12172044920793468;1.7141591782278234;-0.0;0.0
37.42;0.0;-9.175702993474372;0.1584801897804322;1.955968059138471;-0.0;0.0
37.529;0.0;-9.922692850329712;0.18570411941424148;2.117330527471204;-0.0;0.0
37.64;0.0;-10.65971530005008;0.2147398076923288;2.2768689504466337;-0.0;0.0
37.749;0.0;-11.401191122454282;0.24614456894840941;2.4377045251402287;-0.0;0.0
37.863;0.0;-12.138116094431204;0.27955024607237533;2.5978873816233166;-0.0;0.0
37.966;0.0;-13.232755171303857;0.3332380512088502;2.8364479630892325;-0.0;0.0
38.069;0.0;-13.600151530385613;0.35235378988379296;2.9166851176278077;-0.0;0.0
38.179;0.0;-14.488082160929231;0.40084366728887133;3.1109572319280763;-0.0;0.0
38.288;0.0;-14.489870927469372;0.4009446342985896;3.1113491072371917;-0.0;0.0
38.403;0.0;-14.489870927469372;0.4009446342985896;3.1113491072371917;-0.0;0.0
38.512;0.0;-14.489870927469372;0.4009446342985896;3.1113491072371917;-0.0;0.0
38.621;0.0;-14.489870927469372;0.4009446342985896;3.1113491072371917;-0.0;0.0
38.742;0.0;-14.489870927469372;0.4009446342985896;3.1113491072371917;-0.0;0.0
38.845;0.0;-14.489870927469372;0.4009446342985896;3.1113491072371917;-0.0;0.0
38.946;0.0;-14.489870927469372;0.4009446342985896;3.1113491072371917;-0.0;0.0
39.056;0.0;-14.489870927469372;0.4009446342985896;3.1113491072371917;-0.0;0.0
39.168;0.0;-14.489870927469372;0.4009446342985896;3.1113491072371917;-0.0;0.0
39.275;0.0;-14.489870927469372;0.4009446342985896;3.1113491072371917;-0.0;0.0
39.376;0.0;-14.489870927469372;0.4009446342985896;3.1113491072371917;-0.0;0.0
39.482;0.0;-14.489870927469372;0.4009446342985896;3.1113491072371917;-0.0;0.0
39.585;0.0;-14.489870927469372;0.4009446342985896;3.1113491072371917;-0.0;0.0
39.69;0.0;-14.489870927469372;0.4009446342985896;3.1113491072371917;-0.0;0.0
39.79;0.0;-14.489870927469372;0.4009446342985896;3.1113491072371917;-0.0;0.0
39.89;0.0;-14.489870927469372;0.4009446342985896;3.1113491072371917;-0.0;0.0
39.991;0.0;-14.489870927469372;0.4009446342985896;3.1113491072371917;-0.0;0.0
40.092;0.0;-14.489870927469372;0.4009446342985896;3.1113491072371917;-0.0;0.0
40.193;0.0;-14.489870927469372;0.4009446342985896;3.1113491072371917;-0.0;0.0
40.293;0.0;-14.489870927469372;0.4009446342985896;3.1113491072371917;-0.0;0.0
40.396;0.0;-14.489870927469372;0.4009446342985896;3.1113491072371917;-0.0;0.0
40.5;0.0;-14.323491239225628;0.3916099254503642;3.0749081195976293;-0.0;0.0
40.609;0.0;-13.223791301052218;0.332778565929047;2.8344913712248796;-0.0;0.0
40.715;0.0;-12.49186129610547;0.2963668308713938;2.67489917953805;-0.0;0.0
40.82;0.0;-11.764380233315908;0.26233419613280873;2.5166078242751264;-0.0;0.0
40.922;0.0;-11.395795487864353;0.24590805996947296;2.4365329280731243;-0.0;0.0
41.03;0.0;-10.283212612247471;0.19963637472133655;2.195328836001689;-0.0;0.0
41.131;0.0;-9.538492134904168;0.1714256700218577;2.03429493530606;-0.0;0.0
41.242;0.0;-8.79100761187704;0.14532128821502255;1.8729972317656622;-0.0;0.0
41.353;0.0;-8.049799249821955;0.12160994704506578;1.7133808561339279;-0.0;0.0
41.462;0.0;-7.300406640018787;0.09982402185766404;1.5523297938819571;-0.0;0.0
41.566;0.0;-6.553685793530193;0.08029000424935973;1.3921774736549626;-0.0;0.0
41.69;0.0;-5.43728603901535;0.05510494881975525;1.1533359043861995;-0.0;0.0
41.81;0.0;-4.688215762975469;0.04088825206130586;0.9934771697485544;-0.0;0.0
41.911;0.0;-3.568318532968455;0.023618819956560344;0.7550668761035583;-0.0;0.0
42.024;0.0;-3.192731898880529;0.018890258603782684;0.6752656269670236;-0.0;0.0
42.126;0.0;-2.062743374485085;0.007862345025143824;0.43564253189305574;-0.0;0.0
42.239;0.0;-1.314956532159996;0.00318905109992329;0.27744975245543785;-0.0;0.0
42.343;0.0;-0.5589262810713065;0.0005750686814884887;0.11781839790902489;-0.0;0.0
42.447;-0.0;0.1980366911156414;7.205713249902601e-05;-0.04170534090653169;-0.0;0.0
42.559;-0.0;1.3306325698544048;0.0032439566897206618;-0.27982797746293364;-0.0;0.0
42.691;-0.0;1.7092379590455111;0.005347559954088865;-0.35927890707104987;-0.0;0.0
42.799;-0.0;2.837228347643985;0.014693627716823698;-0.5955519478568387;-0.0;0.0
42.9;-0.0;3.5946565215865416;0.023542225784717985;-0.7538415498235926;-0.0;0.0
43.002;-0.0;4.354844815751285;0.034488262487023746;-0.9124171185615622;-0.0;0.0
43.115;-0.0;5.106707545692139;0.047338423636128724;-1.0689721065993978;-0.0;0.0
43.216;-0.0;6.248211564589929;0.07067157441068517;-1.3061256707888518;-0.0;0.0
43.332;-0.0;6.629785565515938;0.07949385585981794;-1.3852575868999102;-0.0;0.0
43.433;-0.0;7.766593502668124;0.10879614437545015;-1.6205946751514793;-0.0;0.0
43.55;-0.0;8.531778551272566;0.13105103115550776;-1.7786513982976238;-0.0;0.0
43.669;-0.0;9.671949456668736;0.16796452093107384;-2.0136514873455433;-0.0;0.0
43.787;-0.0;10.055556622201319;0.18138834003765147;-2.0925796577507905;-0.0;0.0
43.888;-0.0;11.205868383258013;0.22465551734881295;-2.3288505481421016;-0.0;0.0
44.007;-0.0;11.588510918157636;0.24004552008333846;-2.4073094766336993;-0.0;0.0
44.108;-0.0;12.734036587947138;0.28907812206594663;-2.641795898904278;-0.0;0.0
44.221;-0.0;13.497578672741966;0.3242120825113979;-2.7977630096037016;-0.0;0.0
44.322;-0.0;14.638915728887543;0.38036234389062606;-3.0304181479498284;-0.0;0.0
44.455;-0.0;14.83401972330514;0.39039450077218163;-3.070131530450692;-0.0;0.0
44.556;-0.0;14.839648570261698;0.3906858071426935;-3.0712770335610764;-0.0;0.0
44.67;-0.0;14.839648570261698;0.3906858071426935;-3.0712770335610764;-0.0;0.0
44.772;-0.0;14.839648570261698;0.3906858071426935;-3.0712770335610764;-0.0;0.0
44.893;-0.0;14.839648570261698;0.3906858071426935;-3.0712770335610764;-0.0;0.0
44.995;-0.0;14.839648570261698;0.3906858071426935;-3.0712770335610764;-0.0;0.0
45.106;-0.0;14.839648570261698;0.3906858071426935;-3.0712770335610764;-0.0;0.0
45.207;-0.0;14.839648570261698;0.3906858071426935;-3.0712770335610764;-0.0;0.0
45.31;-0.0;14.839648570261698;0.3906858071426935;-3.0712770335610764;-0.0;0.0
45.411;-0.0;14.839648570261698;0.3906858071426935;-3.0712770335610764;-0.0;0.0
45.546;-0.0;14.839648570261698;0.3906858071426935;-3.0712770335610764;-0.0;0.0
45.647;-0.0;14.839648570261698;0.3906858071426935;-3.0712770335610764;-0.0;0.0
45.759;-0.0;14.839648570261698;0.3906858071426935;-3.0712770335610764;-0.0;0.0
45.86;-0.0;14.839648570261698;0.3906858071426935;-3.0712770335610764;-0.0;0.0
45.965;-0.0;14.839648570261698;0.3906858071426935;-3.0712770335610764;-0.0;0.0
46.067;-0.0;14.839648570261698;0.3906858071426935;-3.0712770335610764;-0.0;0.0
46.196;-0.0;14.839648570261698;0.3906858071426935;-3.0712770335610764;-0.0;0.0
46.297;-0.0;14.839648570261698;0.3906858071426935;-3.0712770335610764;-0.0;0.0
46.413;-0.0;14.839648570261698;0.3906858071426935;-3.0712770335610764;-0.0;0.0
46.514;-0.0;14.659549028286197;0.38141732663668115;-3.0346188419289195;-0.0;0.0
46.621;-0.0;14.28262320727502;0.3623681207450318;-2.9578517096935286;-0.0;0.0
46.745;-0.0;13.51255889549061;0.32492092129708894;-2.8008203828989986;-0.0;0.0
46.853;-0.0;12.360073383602908;0.2725846526823972;-2.5653117711360673;-0.0;0.0
46.954;-0.0;11.594112222867878;0.24027449176472082;-2.4084574994265693;-0.0;0.0
47.065;-0.0;10.823449275810344;0.2097711843621326;-2.2503704094791495;-0.0;0.0
47.173;-0.0;10.057419344681596;0.18145475300410752;-2.092962750613562;-0.0;0.0
47.28;-0.0;9.284847616815316;0.1549301650291497;-1.9339346136369824;-0.0;0.0
47.391;-0.0;8.51319534360434;0.1304865227911236;-1.7748161455415605;-0.0;0.0
47.5;-0.0;7.363936768066669;0.09790170294705192;-1.5373095623307125;-0.0;0.0
47.615;-0.0;6.596435057457701;0.07870240291949493;-1.378344084667979;-0.0;0.0
47.722;-0.0;5.829853971881552;0.0615866974731496;-1.219283877190904;-0.0;0.0
47.832;-0.0;5.071588421647815;0.04669354322765429;-1.0616657489929509;-0.0;0.0
47.944;-0.0;4.306844652585091;0.033736124374328824;-0.9024128309048648;-0.0;0.0
48.053;-0.0;3.5430265467053044;0.022873702640609395;-0.7430609820899751;-0.0;0.0
48.169;-0.0;2.419284500850474;0.010694530120344936;-0.5080839255579698;-0.0;0.0
48.272;-0.0;1.6651167170123917;0.005075601050720024;-0.3500238141053794;-0.0;0.0
48.386;-0.0;0.9118628135561622;0.0015250018042678448;-0.19186182000866575;-0.0;0.0
48.49;-0.0;0.16502615462018982;5.00411297927883e-05;-0.03475495560548137;-0.0;0.0
48.591;-0.0;0.0;0.0;0.0;-0.0;0.0
48.71;-0.0;0.0;0.0;0.0;-0.0;0.0
48.824;-0.0;0.0;0.0;0.0;-0.0;0.0
48.935;-0.0;0.0;0.0;0.0;-0.0;0.0
49.036;-0.0;0.0;0.0;0.0;-0.0;0.0
49.148;-0.0;0.0;0.0;0.0;-0.0;0.0
49.259;-0.0;0.0;0.0;0.0;-0.0;0.0
49.368;-0.0;0.0;0.0;0.0;-0.0;0.0
49.478;-0.0;0.0;0.0;0.0;-0.0;0.0
49.589;-0.0;0.0;0.0;0.0;-0.0;0.0
49.69;-0.0;0.0;0.0;0.0;-0.0;0.0
49.792;-0.0;0.0;0.0;0.0;-0.0;0.0
49.893;-0.0;0.0;0.0;0.0;-0.0;0.0
50.003;-0.0;0.0;0.0;0.0;-0.0;0.0
50.128;-0.0;0.0;0.0;0.0;-0.0;0.0
50.24;-0.0;0.0;0.0;0.0;-0.0;0.0
50.351;-0.0;0.0;0.0;0.0;-0.0;0.0
50.463;-0.0;0.0;0.0;0.0;-0.0;0.0
50.578;-0.0;0.0;0.0;0.0;-0.0;0.0
50.683;-0.0;0.0;0.0;0.0;-0.0;0.0
50.801;-0.0;0.0;0.0;0.0;-0.0;0.0
50.901;-0.0;0.0;0.0;0.0;-0.0;0.0
51.002;-0.0;0.0;0.0;0.0;-0.0;0.0
51.115;-0.0;0.0;0.0;0.0;-0.0;0.0
51.238;-0.0;0.0;0.0;0.0;-0.0;0.0
51.339;-0.0;0.0;0.0;0.0;-0.0;0.0
51.449;-0.0;0.0;0.0;0.0;-0.0;0.0
51.56;-0.0;0.0;0.0;0.0;-0.0;0.0
51.677;-0.0;0.0;0.0;0.0;-0.0;0.0
51.787;-0.0;0.0;0.0;0.0;-0.0;0.0
51.893;-0.0;0.0;0.0;0.0;-0.0;0.0
52.002;-0.0;0.0;0.0;0.0;-0.0;0.0
52.103;-0.0;0.0;0.0;0.0;-0.0;0.0
52.209;-0.0;0.0;0.0;0.0;-0.0;0.0
52.323;-0.0;0.0;0.0;0.0;-0.0;0.0
52.423;-0.0;0.0;0.0;0.0;-0.0;0.0
52.533;-0.0;0.0;0.0;0.0;-0.0;0.0
52.635;-0.0;0.0;0.0;0.0;-0.0;0.0
52.735;-0.0;0.0;0.0;0.0;-0.0;0.0
52.836;-0.0;0.0;0.0;0.0;-0.0;0.0
52.937;0.0;-0.3812245261266619;0.0002674103941053829;0.08034194767540714;-0.0;0.0
53.037;0.0;-0.7603814774524655;0.0010648635386623084;0.16032464920740505;-0.0;0.0
53.138;0.0;-1.8873061460995504;0.00657889506500986;0.3985020255916936;-0.0;0.0
53.239;0.0;-2.6307392766644755;0.01280693291650259;0.5560034029180948;-0.0;0.0
53.341;0.0;-3.004850916572086;0.01672438538267862;0.6353755326396485;-0.0;0.0
53.441;0.0;-4.133080653552134;0.03173285542830584;0.8752094073754138;-0.0;0.0
53.542;0.0;-4.881027516700871;0.04434273077579043;1.0345948111156176;-0.0;0.0
53.649;0.0;-5.259194343091093;0.05153044680411334;1.1153007363837817;-0.0;0.0
53.764;0.0;-6.012993383059929;0.06749294030367636;1.2764133363336154;-0.0;0.0
53.869;0.0;-6.765836087875641;0.08561984892526908;1.4376454682660786;-0.0;0.0
53.981;0.0;-7.8851597178463795;0.11663559527979395;1.6779702383773174;-0.0;0.0
54.089;0.0;-8.633805418967295;0.14011195340948213;1.839117244949984;-0.0;0.0
54.207;0.0;-9.374272391185523;0.16550123705502173;1.9988298375250197;-0.0;0.0
54.312;0.0;-10.121006552792467;0.19330386617559903;2.1602259157654733;-0.0;0.0
54.414;0.0;-10.866776930726816;0.2232877681988903;2.3217494903852773;-0.0;0.0
54.537;0.0;-11.597198040559444;0.2548157468848373;2.480277194776268;-0.0;0.0
54.637;0.0;-12.701849552716284;0.3065898839085879;2.720651350009611;-0.0;0.0
54.742;0.0;-13.429924380281527;0.34342806038829643;2.879497941974659;-0.0;0.0
54.852;0.0;-14.167801081483375;0.3829784935160472;3.0408244050663953;-0.0;0.0
54.964;0.0;-14.489870927469372;0.4009446342985896;3.1113491072371917;-0.0;0.0
55.077;0.0;-14.489870927469372;0.4009446342985896;3.1113491072371917;-0.0;0.0
55.185;0.0;-14.489870927469372;0.4009446342985896;3.1113491072371917;-0.0;0.0
55.299;0.0;-14.489870927469372;0.4009446342985896;3.1113491072371917;-0.0;0.0
55.405;0.0;-14.489870927469372;0.4009446342985896;3.1113491072371917;-0.0;0.0
55.505;0.0;-14.489870927469372;0.4009446342985896;3.1113491072371917;-0.0;0.0
55.63;0.0;-14.489870927469372;0.4009446342985896;3.1113491072371917;-0.0;0.0
55.738;0.0;-14.489870927469372;0.4009446342985896;3.1113491072371917;-0.0;0.0
55.849;0.0;-14.489870927469372;0.4009446342985896;3.1113491072371917;-0.0;0.0
55.96;0.0;-14.489870927469372;0.4009446342985896;3.1113491072371917;-0.0;0.0
56.07;0.0;-14.489870927469372;0.4009446342985896;3.1113491072371917;-0.0;0.0
56.181;0.0;-14.489870927469372;0.4009446342985896;3.1113491072371917;-0.0;0.0
56.282;0.0;-14.489870927469372;0.4009446342985896;3.1113491072371917;-0.0;0.0
56.386;0.0;-14.489870927469372;0.4009446342985896;3.1113491072371917;-0.0;0.0
56.505;0.0;-14.489870927469372;0.4009446342985896;3.1113491072371917;-0.0;0.0
56.61;0.0;-14.489870927469372;0.4009446342985896;3.1113491072371917;-0.0;0.0
56.731;0.0;-14.489870927469372;0.4009446342985896;3.1113491072371917;-0.0;0.0
56.832;0.0;-14.489870927469372;0.4009446342985896;3.1113491072371917;-0.0;0.0
56.936;0.0;-14.489870927469372;0.4009446342985896;3.1113491072371917;-0.0;0.0
57.049;0.0;-14.489870927469372;0.4009446342985896;3.1113491072371917;-0.0;0.0
57.157;0.0;-14.489870927469372;0.4009446342985896;3.1113491072371917;-0.0;0.0
57.269;0.0;-13.691515459370493;0.35719341606654;2.936651690878021;-0.0;0.0
57.372;0.0;-12.965570916429261;0.3196832695119287;2.7781499134491803;-0.0;0.0
57.474;0.0;-12.231511810620313;0.2839408253930973;2.6182124622040996;-0.0;0.0
57.578;0.0;-11.49650562031752;0.2503418599425391;2.4584038681363967;-0.0;0.0
57.679;0.0;-10.765956227759705;0.2191042157375218;2.2998933766933893;-0.0;0.0
57.791;0.0;-10.020055349195399;0.18941566784405417;2.1383871406856754;-0.0;0.0
57.894;0.0;-9.27319099549901;0.16190769455227993;1.9770081868617562;-0.0;0.0
58.009;0.0;-8.534402864794064;0.13686816453660633;1.8177016968141706;-0.0;0.0
58.111;0.0;-7.410884458605388;0.10289807956852925;1.5760518644443493;-0.0;0.0
58.225;0.0;-7.035900101314974;0.09265704840734479;1.4955630900122505;-0.0;0.0
58.326;0.0;-5.922224849051147;0.0654551663287215;1.2569958770428247;-0.0;0.0
58.429;0.0;-5.171946341552166;0.049823612859569266;1.0966736682513396;-0.0;0.0
58.531;0.0;-4.429823381710279;0.036480971980784815;0.9384069872570988;-0.0;0.0
58.632;0.0;-4.054774364982351;0.030535653991908163;0.8585406328375543;-0.0;0.0
58.733;0.0;-2.926397884742783;0.015859299030529073;0.618724455831272;-0.0;0.0
58.835;0.0;-2.5577149296441077;0.012103554995015031;0.5405193708712619;-0.0;0.0
58.936;0.0;-1.424713727664246;0.0037446777508360896;0.3006497877895804;-0.0;0.0
59.039;0.0;-1.0477983018911654;0.00202348971074251;0.22100594062804296;-0.0;0.0
59.155;-0.0;0.08067392889144419;1.1961336729982008e-05;-0.016991942824126225;-0.0;0.0
59.279;-0.0;0.8347518922936741;0.0012782318785085067;-0.17565405116878158;-0.0;0.0
59.38;-0.0;1.961156654850293;0.0070356487673137735;-0.4121033924163162;-0.0;0.0
59.493;-0.0;2.3401460105113205;0.010008259963814936;-0.49151163028931216;-0.0;0.0
59.596;-0.0;3.4766513838107045;0.02202828051625616;-0.7291995776074698;-0.0;0.0
59.711;-0.0;4.227467779513836;0.03251033709505258;-0.8858664217949977;-0.0;0.0
59.812;-0.0;5.367389204967597;0.05226170048969969;-1.1231865663873266;-0.0;0.0
59.931;-0.0;5.748435775739073;0.059890281384610944;-1.2023733010228141;-0.0;0.0
60.032;-0.0;6.8910914064778614;0.08582980511871874;-1.4394071719674713;-0.0;0.0
60.15;-0.0;7.655234602630163;0.10572673068081961;-1.5975690868573162;-0.0;0.0
60.251;-0.0;8.412855263828316;0.12745909364743468;-1.754104859965271;-0.0;0.0
60.369;-0.0;9.176946931695616;0.15138877178402232;-1.9117018315210013;-0.0;0.0
60.47;-0.0;10.327570507729167;0.19121228754186959;-2.1485057583437124;-0.0;0.0
60.583;-0.0;10.702241118770877;0.2051574140263135;-2.2254820077687056;-0.0;0.0
60.684;-0.0;11.849956072833542;0.2508461429929465;-2.460879079700278;-0.0;0.0
60.787;-0.0;12.614345290828767;0.28374799502552506;-2.617323114115488;-0.0;0.0
60.893;-0.0;13.370260453352868;0.3182179003065553;-2.771774091503899;-0.0;0.0
60.998;-0.0;14.13453665488571;0.35501334246571403;-2.927674323646109;-0.0;0.0
61.1;-0.0;14.804000008371435;0.38884268229420904;-3.0640221093651547;-0.0;0.0
61.213;-0.0;14.839648570261698;0.3906858071426935;-3.0712770335610764;-0.0;0.0
61.315;-0.0;14.839648570261698;0.3906858071426935;-3.0712770335610764;-0.0;0.0
61.415;-0.0;14.839648570261698;0.3906858071426935;-3.0712770335610764;-0.0;0.0
61.521;-0.0;14.839648570261698;0.3906858071426935;-3.0712770335610764;-0.0;0.0
61.621;-0.0;14.839648570261698;0.3906858071426935;-3.0712770335610764;-0.0;0.0
61.722;-0.0;14.839648570261698;0.3906858071426935;-3.0712770335610764;-0.0;0.0
61.83;-0.0;14.839648570261698;0.3906858071426935;-3.0712770335610764;-0.0;0.0
61.934;-0.0;14.839648570261698;0.3906858071426935;-3.0712770335610764;-0.0;0.0
62.04;-0.0;14.839648570261698;0.3906858071426935;-3.0712770335610764;-0.0;0.0
62.142;-0.0;14.839648570261698;0.3906858071426935;-3.0712770335610764;-0.0;0.0
62.243;-0.0;14.839648570261698;0.3906858071426935;-3.0712770335610764;-0.0;0.0
62.346;-0.0;14.839648570261698;0.3906858071426935;-3.0712770335610764;-0.0;0.0
62.451;-0.0;14.839648570261698;0.3906858071426935;-3.0712770335610764;-0.0;0.0
62.553;-0.0;14.839648570261698;0.3906858071426935;-3.0712770335610764;-0.0;0.0
62.66;-0.0;14.839648570261698;0.3906858071426935;-3.0712770335610764;-0.0;0.0
62.771;-0.0;14.839648570261698;0.3906858071426935;-3.0712770335610764;-0.0;0.0
62.883;-0.0;14.839648570261698;0.3906858071426935;-3.0712770335610764;-0.0;0.0
62.983;-0.0;14.839648570261698;0.3906858071426935;-3.0712770335610764;-0.0;0.0
63.086;-0.0;14.839648570261698;0.3906858071426935;-3.0712770335610764;-0.0;0.0
63.194;-0.0;14.839648570261698;0.3906858071426935;-3.0712770335610764;-0.0;0.0
63.302;-0.0;14.839648570261698;0.3906858071426935;-3.0712770335610764;-0.0;0.0
63.402;-0.0;14.832143451540905;0.3902974225363849;-3.0697496951443863;-0.0;0.0
63.51;-0.0;14.235756807701875;0.3600325873347412;-2.948302224101081;-0.0;0.0
63.619;-0.0;13.465746823833278;0.3227083449506889;-2.7912659890269538;-0.0;0.0
63.72;-0.0;12.69850096828925;0.28749061249514085;-2.6345307502623645;-0.0;0.0
63.829;-0.0;11.553037098607623;0.23859787893370132;-2.4000385609246284;-0.0;0.0
63.93;-0.0;10.784287258862593;0.20827501742055077;-2.2423297764695507;-0.0;0.0
64.031;-0.0;10.018303291855762;0.18006261386096867;-2.0849176920012242;-0.0;0.0
64.133;-0.0;9.24577805307763;0.15364324180849742;-1.9258850171782254;-0.0;0.0
64.238;-0.0;8.472314169205278;0.12924886487159704;-1.766378402002402;-0.0;0.0
64.341;-0.0;8.087786278919173;0.1178905988965333;-1.686974245850823;-0.0;0.0
64.448;-0.0;6.9318721564283665;0.0868401784985462;-1.4478550566196668;-0.0;0.0
64.548;-0.0;6.1648883728750965;0.06881307124031721;-1.288836436361402;-0.0;0.0
64.653;-0.0;5.789143571483616;0.06073554195217845;-1.210828724936848;-0.0;0.0
64.762;-0.0;4.6410753696732;0.03914356929357865;-0.9720499868073424;-0.0;0.0
64.869;-0.0;3.876852353397787;0.027364738515922582;-0.8127415645147078;-0.0;0.0
64.97;-0.0;3.12645424153622;0.01782935828702925;-0.6560295570799202;-0.0;0.0
65.081;-0.0;2.371432121352328;0.010276861785269986;-0.4980636001631915;-0.0;0.0
65.188;-0.0;1.6173222385557355;0.004788976617241758;-0.3399970694319003;-0.0;0.0
65.299;-0.0;0.8733061517180054;0.0013988982229662383;-0.18375807116669482;-0.0;0.0
65.4;-0.0;0.13385116050364343;3.292302510793377e-05;-0.0281905175466602;-0.0;0.0
65.504;-0.0;0.0;0.0;0.0;-0.0;0.0
65.615;-0.0;0.0;0.0;0.0;-0.0;0.0
65.725;-0.0;0.0;0.0;0.0;-0.0;0.0
65.84;-0.0;0.0;0.0;0.0;-0.0;0.0
65.951;-0.0;0.0;0.0;0.0;-0.0;0.0
66.06;-0.0;0.0;0.0;0.0;-0.0;0.0
66.174;-0.0;0.0;0.0;0.0;-0.0;0.0
66.287;-0.0;0.0;0.0;0.0;-0.0;0.0
66.398;-0.0;0.0;0.0;0.0;-0.0;0.0
66.51;-0.0;0.0;0.0;0.0;-0.0;0.0
66.61;-0.0;0.0;0.0;0.0;-0.0;0.0
66.713;-0.0;0.0;0.0;0.0;-0.0;0.0
66.823;-0.0;0.0;0.0;0.0;-0.0;0.0
66.936;-0.0;0.0;0.0;0.0;-0.0;0.0
67.05;-0.0;0.0;0.0;0.0;-0.0;0.0
67.166;-0.0;0.0;0.0;0.0;-0.0;0.0
67.274;-0.0;0.0;0.0;0.0;-0.0;0.0
67.385;-0.0;0.0;0.0;0.0;-0.0;0.0
67.495;-0.0;0.0;0.0;0.0;-0.0;0.0
67.595;-0.0;0.0;0.0;0.0;-0.0;0.0
67.699;-0.0;0.0;0.0;0.0;-0.0;0.0
67.807;-0.0;0.0;0.0;0.0;-0.0;0.0
67.925;-0.0;0.0;0.0;0.0;-0.0;0.0
68.029;-0.0;0.0;0.0;0.0;-0.0;0.0
68.131;-0.0;0.0;0.0;0.0;-0.0;0.0
68.242;-0.0;0.0;0.0;0.0;-0.0;0.0
68.347;-0.0;0.0;0.0;0.0;-0.0;0.0
68.458;-0.0;0.0;0.0;0.0;-0.0;0.0
68.577;-0.0;0.0;0.0;0.0;-0.0;0.0
68.681;-0.0;0.0;0.0;0.0;-0.0;0.0
68.795;-0.0;0.0;0.0;0.0;-0.0;0.0
68.905;-0.0;0.0;0.0;0.0;-0.0;0.0
69.006;-0.0;0.0;0.0;0.0;-0.0;0.0
69.112;-0.0;0.0;0.0;0.0;-0.0;0.0
69.228;-0.0;0.0;0.0;0.0;-0.0;0.0
69.334;-0.0;0.0;0.0;0.0;-0.0;0.0
69.45;-0.0;0.0;0.0;0.0;-0.0;0.0
69.558;-0.0;0.0;0.0;0.0;-0.0;0.0
69.67;-0.0;0.0;0.0;0.0;-0.0;0.0
69.779;-0.0;0.0;0.0;0.0;-0.0;0.0
69.88;0.0;-0.05499889088414035;5.56120425443396e-06;0.011586108793568363;-0.0;0.0
69.989;0.0;-0.7439012657567102;0.0010191625715574304;0.15684657759719164;-0.0;0.0
70.102;0.0;-1.4960453239295748;0.004129781982456393;0.3157310473920382;-0.0;0.0
70.208;0.0;-2.2472633345670308;0.009336268394502412;0.4747238865349429;-0.0;0.0
70.316;0.0;-2.995728993942014;0.016622610427411644;0.6334392983615705;-0.0;0.0
70.431;0.0;-4.116691810124586;0.0314803662231018;0.8717204913538144;-0.0;0.0
70.54;0.0;-4.87193401983695;0.04417662151476698;1.032655128061286;-0.0;0.0
70.641;0.0;-5.62622307940532;0.059030083491322216;1.1937069751668277;-0.0;0.0
70.75;0.0;-6.3723004090322;0.07587116022546425;1.3533235413572815;-0.0;0.0
70.86;0.0;-7.126497904578718;0.09508122688189502;1.515002043599552;-0.0;0.0
70.97;0.0;-7.876112249315494;0.11636531289521379;1.6760247721474242;-0.0;0.0
71.071;0.0;-8.991514389046843;0.15210695592979917;1.9162314183407487;-0.0;0.0
71.194;0.0;-9.738741202632802;0.17879459582322887;2.0775628205671746;-0.0;0.0
71.305;0.0;-10.485005397514154;0.20766087201823424;2.239020909280425;-0.0;0.0
71.417;0.0;-11.219510153479778;0.23824532986796498;2.3982645137329563;-0.0;0.0
71.528;0.0;-12.326687844778084;0.2884514928609452;2.638930553096313;-0.0;0.0
71.638;0.0;-13.053450789681186;0.3241094000867548;2.7973198414709244;-0.0;0.0
71.757;0.0;-14.158852060410936;0.38248540099307426;3.038865753912612;-0.0;0.0
71.875;0.0;-14.445150052647843;0.39842433217677886;3.1015524642258794;-0.0;0.0
71.979;0.0;-14.489870927469372;0.4009446342985896;3.1113491072371917;-0.0;0.0
72.095;0.0;-14.489870927469372;0.4009446342985896;3.1113491072371917;-0.0;0.0
72.197;0.0;-14.489870927469372;0.4009446342985896;3.1113491072371917;-0.0;0.0
72.299;0.0;-14.489870927469372;0.4009446342985896;3.1113491072371917;-0.0;0.0
72.415;0.0;-14.489870927469372;0.4009446342985896;3.1113491072371917;-0.0;0.0
72.534;0.0;-14.489870927469372;0.4009446342985896;3.1113491072371917;-0.0;0.0
72.636;0.0;-14.489870927469372;0.4009446342985896;3.1113491072371917;-0.0;0.0
72.75;0.0;-14.489870927469372;0.4009446342985896;3.1113491072371917;-0.0;0.0
72.854;0.0;-14.489870927469372;0.4009446342985896;3.1113491072371917;-0.0;0.0
72.973;0.0;-14.489870927469372;0.4009446342985896;3.1113491072371917;-0.0;0.0
73.075;0.0;-14.489870927469372;0.4009446342985896;3.1113491072371917;-0.0;0.0
73.192;0.0;-14.489870927469372;0.4009446342985896;3.1113491072371917;-0.0;0.0
73.295;0.0;-14.489870927469372;0.4009446342985896;3.1113491072371917;-0.0;0.0
73.408;0.0;-14.489870927469372;0.4009446342985896;3.1113491072371917;-0.0;0.0
73.509;0.0;-14.489870927469372;0.4009446342985896;3.1113491072371917;-0.0;0.0
73.628;0.0;-14.489870927469372;0.4009446342985896;3.1113491072371917;-0.0;0.0
73.73;0.0;-14.489870927469372;0.4009446342985896;3.1113491072371917;-0.0;0.0
73.847;0.0;-14.489870927469372;0.4009446342985896;3.1113491072371917;-0.0;0.0
73.949;0.0;-14.489870927469372;0.4009446342985896;3.1113491072371917;-0.0;0.0
74.066;0.0;-14.4236827664513;0.39721745305767264;3.0968502529089026;-0.0;0.0
74.168;0.0;-13.374365470671908;0.3405405820621965;2.8673647145823633;-0.0;0.0
74.285;0.0;-13.015789655684523;0.32220871003187845;2.7891039286480708;-0.0;0.0
74.386;0.0;-11.913544557804556;0.26913765550304625;2.549037517076985;-0.0;0.0
74.503;0.0;-11.545055963065684;0.25249390728617627;2.468949638151406;-0.0;0.0
74.605;0.0;-10.436365380792598;0.2057117783184541;2.228487141179528;-0.0;0.0
74.722;0.0;-9.690038337192554;0.1769877438016767;2.0670373628034677;-0.0;0.0
74.822;0.0;-8.577780606539443;0.1382789245636875;1.8270463935902637;-0.0;0.0
74.938;0.0;-7.829063162705156;0.11496493734881241;1.6659086363916211;-0.0;0.0
75.041;0.0;-7.079388784881784;0.09381672056505153;1.504893567215337;-0.0;0.0
75.158;0.0;-6.339645135586623;0.07508913099876047;1.3463305757843413;-0.0;0.0
75.259;0.0;-5.215571937795429;0.050673418893159905;1.1059870051513803;-0.0;0.0
75.381;0.0;-4.473503162351284;0.03720814576614018;0.9477136657297794;-0.0;0.0
75.481;0.0;-3.721403221262835;0.025698932035377098;0.7876152846915643;-0.0;0.0
75.594;0.0;-2.96836240033824;0.01631915434886011;0.6276306943244501;-0.0;0.0
75.694;0.0;-2.223516382328029;0.00913944521910004;0.4696932417560451;-0.0;0.0
75.814;0.0;-1.4686110812900284;0.003979431847515258;0.3099304475207461;-0.0;0.0
75.915;0.0;-0.7127707679254197;0.0009355749431225746;0.1502770266600977;-0.0;0.0
76.029;-0.0;0.03666865737677738;2.4714464341712983e-06;-0.007723760180233597;-0.0;0.0
76.134;-0.0;1.1689686030515352;0.002504603718875842;-0.24587989671845917;-0.0;0.0
76.246;-0.0;1.9170175443279822;0.0067232492003448385;-0.4028502868641683;-0.0;0.0
76.347;-0.0;2.6751728962832004;0.01306825158298075;-0.5616472805305464;-0.0;0.0
76.451;-0.0;3.4324051715992168;0.021473484217494843;-0.7199582192750212;-0.0;0.0
76.562;-0.0;4.183168751389242;0.03183600575595058;-0.8766307520517034;-0.0;0.0
76.677;-0.0;5.324859352992718;0.05144206440299648;-1.114343842194991;-0.0;0.0
76.793;-0.0;6.085278606902271;0.06706019163740073;-1.2723145580109956;-0.0;0.0
76.894;-0.0;6.841045854988446;0.0845978375595191;-1.4290389499675542;-0.0;0.0
76.998;-0.0;7.22111925007459;0.0941732625856524;-1.5077506265882104;-0.0;0.0
77.107;-0.0;8.368264679313363;0.12612490048248404;-1.7448993449116625;-0.0;0.0
77.217;-0.0;9.124863374802835;0.14969368409123618;-1.90096813168852;-0.0;0.0
77.33;-0.0;9.891657917382561;0.17559124058565523;-2.058865460963126;-0.0;0.0
77.439;-0.0;10.659357464396408;0.2035370385112074;-2.2166748268382626;-0.0;0.0
77.549;-0.0;11.806997223630916;0.24905558360176094;-2.4520790308243097;-0.0;0.0
77.661;-0.0;12.56946665189158;0.2817618658260539;-2.608145302248151;-0.0;0.0
77.768;-0.0;13.325330454084089;0.3161155303958072;-2.7626009995237246;-0.0;0.0
77.878;-0.0;14.091429046938195;0.35288610646498597;-2.9188879455320564;-0.0;0.0
77.979;-0.0;14.839648570261698;0.3906858071426935;-3.0712770335610764;-0.0;0.0
78.082;-0.0;14.839648570261698;0.3906858071426935;-3.0712770335610764;-0.0;0.0
78.185;-0.0;14.839648570261698;0.3906858071426935;-3.0712770335610764;-0.0;0.0
78.287;-0.0;14.839648570261698;0.3906858071426935;-3.0712770335610764;-0.0;0.0
78.41;-0.0;14.839648570261698;0.3906858071426935;-3.0712770335610764;-0.0;0.0
78.522;-0.0;14.839648570261698;0.3906858071426935;-3.0712770335610764;-0.0;0.0
78.634;-0.0;14.839648570261698;0.3906858071426935;-3.0712770335610764;-0.0;0.0
78.74;-0.0;14.839648570261698;0.3906858071426935;-3.0712770335610764;-0.0;0.0
78.852;-0.0;14.839648570261698;0.3906858071426935;-3.0712770335610764;-0.0;0.0
78.967;-0.0;14.839648570261698;0.3906858071426935;-3.0712770335610764;-0.0;0.0
79.075;-0.0;14.839648570261698;0.3906858071426935;-3.0712770335610764;-0.0;0.0
79.183;-0.0;14.839648570261698;0.3906858071426935;-3.0712770335610764;-0.0;0.0
79.3;-0.0;14.839648570261698;0.3906858071426935;-3.0712770335610764;-0.0;0.0
79.408;-0.0;14.839648570261698;0.3906858071426935;-3.0712770335610764;-0.0;0.0
79.508;-0.0;14.839648570261698;0.3906858071426935;-3.0712770335610764;-0.0;0.0
79.613;-0.0;14.839648570261698;0.3906858071426935;-3.0712770335610764;-0.0;0.0
79.724;-0.0;14.839648570261698;0.3906858071426935;-3.0712770335610764;-0.0;0.0
79.836;-0.0;14.839648570261698;0.3906858071426935;-3.0712770335610764;-0.0;0.0
79.952;-0.0;14.839648570261698;0.3906858071426935;-3.0712770335610764;-0.0;0.0
80.061;-0.0;14.839648570261698;0.3906858071426935;-3.0712770335610764;-0.0;0.0
80.173;-0.0;14.766477264666857;0.38690720926625133;-3.0563851643757274;-0.0;0.0
80.282;-0.0;14.046450175960036;0.3506731281902056;-2.9097192827856047;-0.0;0.0
80.397;-0.0;13.284147299788094;0.31419441976267315;-2.7541920873813974;-0.0;0.0
80.506;-0.0;12.517112099242683;0.2794534499389716;-2.5974374977262897;-0.0;0.0
80.617;-0.0;11.373830286438546;0.23134985944143338;-2.3632985335165597;-0.0;0.0
80.731;-0.0;10.601562211500694;0.20136313724588817;-2.204803851461448;-0.0;0.0
80.837;-0.0;9.828344474667192;0.17337647650999521;-2.045838447247609;-0.0;0.0
80.944;-0.0;9.063484558059535;0.14770806777693046;-1.8883171701377337;-0.0;0.0
81.045;-0.0;7.905819246277918;0.11269428728462216;-1.6493739255264137;-0.0;0.0
81.166;-0.0;7.135814866705584;0.09198022238095405;-1.4900904972964868;-0.0;0.0
81.272;-0.0;6.375994933762804;0.07356912839437335;-1.3326336425820333;-0.0;0.0
81.405;-0.0;5.226866631877812;0.0495778957850721;-1.093965989106133;-0.0;0.0
81.52;-0.0;4.84428538734235;0.04262535460879313;-1.0143617223515278;-0.0;0.0
81.621;-0.0;3.7053064641869833;0.025007099278445466;-0.7769412227646262;-0.0;0.0
81.727;-0.0;3.3273329126080124;0.02018412220544974;-0.6980086383562947;-0.0;0.0
81.83;-0.0;2.1947781948891776;0.008806633069415426;-0.4610619692555968;-0.0;0.0
81.931;-0.0;1.4408821617458516;0.0038027408006460206;-0.3029716878671043;-0.0;0.0
82.046;-0.0;0.687900535847257;0.0008683707718688538;-0.14477910661484525;-0.0;0.0
82.153;-0.0;0.03666865737677738;2.4714464341712983e-06;-0.007723760180233597;-0.0;0.0
82.266;-0.0;0.0;0.0;0.0;-0.0;0.0
82.377;-0.0;0.0;0.0;0.0;-0.0;0.0
82.488;-0.0;0.0;0.0;0.0;-0.0;0.0
82.596;-0.0;0.0;0.0;0.0;-0.0;0.0
82.696;-0.0;0.0;0.0;0.0;-0.0;0.0
82.808;-0.0;0.0;0.0;0.0;-0.0;0.0
82.915;-0.0;0.0;0.0;0.0;-0.0;0.0
83.015;-0.0;0.0;0.0;0.0;-0.0;0.0
83.115;-0.0;0.0;0.0;0.0;-0.0;0.0
83.215;-0.0;0.0;0.0;0.0;-0.0;0.0
83.316;-0.0;0.0;0.0;0.0;-0.0;0.0
83.42;-0.0;0.0;0.0;0.0;-0.0;0.0
83.52;-0.0;0.0;0.0;0.0;-0.0;0.0
83.626;-0.0;0.0;0.0;0.0;-0.0;0.0
83.727;-0.0;0.0;0.0;0.0;-0.0;0.0
83.832;-0.0;0.0;0.0;0.0;-0.0;0.0
83.938;-0.0;0.0;0.0;0.0;-0.0;0.0
84.048;-0.0;0.0;0.0;0.0;-0.0;0.0
84.163;-0.0;0.0;0.0;0.0;-0.0;0.0
84.27;-0.0;0.0;0.0;0.0;-0.0;0.0
84.377;-0.0;0.0;0.0;0.0;-0.0;0.0
84.485;-0.0;0.0;0.0;0.0;-0.0;0.0
84.597;-0.0;0.0;0.0;0.0;-0.0;0.0
84.705;-0.0;0.0;0.0;0.0;-0.0;0.0
84.805;-0.0;0.0;0.0;0.0;-0.0;0.0
84.906;-0.0;0.0;0.0;0.0;-0.0;0.0
85.018;-0.0;0.0;0.0;0.0;-0.0;0.0
85.123;-0.0;0.0;0.0;0.0;-0.0;0.0
85.236;-0.0;0.0;0.0;0.0;-0.0;0.0
85.344;-0.0;0.0;0.0;0.0;-0.0;0.0
85.46;-0.0;0.0;0.0;0.0;-0.0;0.0
85.562;-0.0;0.0;0.0;0.0;-0.0;0.0
85.665;-0.0;0.0;0.0;0.0;-0.0;0.0
85.777;-0.0;0.0;0.0;0.0;-0.0;0.0
85.891;-0.0;0.0;0.0;0.0;-0.0;0.0
86.0;-0.0;0.0;0.0;0.0;-0.0;0.0
86.101;-0.0;0.0;0.0;0.0;-0.0;0.0
86.208;-0.0;0.0;0.0;0.0;-0.0;0.0
86.321;-0.0;0.0;0.0;0.0;-0.0;0.0
86.427;-0.0;0.0;0.0;0.0;-0.0;0.0
86.538;-0.0;0.0;0.0;0.0;-0.0;0.0
86.639;0.0;-0.04949922295231894;4.50455359235491e-06;0.010427472600897849;-0.0;0.0
86.739;0.0;-0.7255893996850481;0.0009695600220815948;0.15298211372078585;-0.0;0.0
86.853;0.0;-1.4759269999286677;0.004019252266932227;0.31147726004329773;-0.0;0.0
86.957;0.0;-2.601530593612834;0.012523192318479204;0.5498096645080188;-0.0;0.0
87.071;0.0;-3.344088623090086;0.02073179317794782;0.7074151730307049;-0.0;0.0
87.175;0.0;-4.096660394038285;0.03117314311624675;0.8674563345484995;-0.0;0.0
87.277;0.0;-4.851927839721635;0.04381228337131127;1.0283878852273685;-0.0;0.0
87.391;0.0;-5.598976246235262;0.058455580915195426;1.1878837649312692;-0.0;0.0
87.493;0.0;-6.3541588127891;0.07543619634041754;1.3494385325588216;-0.0;0.0
87.597;0.0;-6.729576477254282;0.08469654975645291;1.4298724805283725;-0.0;0.0
87.698;0.0;-7.858016893460439;0.11582569595550751;1.6721338934134529;-0.0;0.0
87.813;0.0;-8.60489005832507;0.13916435406223648;1.8328870410902134;-0.0;0.0
87.916;0.0;-9.720703581675945;0.1781243110037476;2.0736644400733377;-0.0;0.0
88.03;0.0;-10.092165150917527;0.19218888045366178;2.153986027877232;-0.0;0.0
88.132;0.0;-11.20871541290708;0.23778016850212857;2.395921786160986;-0.0;0.0
88.24;0.0;-11.93870096559697;0.2702939171487664;2.554508105691083;-0.0;0.0
88.342;0.0;-12.674932318099874;0.30526942099485055;2.7147850940498817;-0.0;0.0
88.449;0.0;-13.408418353540553;0.3423088603846125;2.8748011192724046;-0.0;0.0
88.551;0.0;-14.139163712611136;0.38140173232237373;3.034556791327331;-0.0;0.0
88.654;0.0;-14.489870927469372;0.4009446342985896;3.1113491072371917;-0.0;0.0
88.755;0.0;-14.489870927469372;0.4009446342985896;3.1113491072371917;-0.0;0.0
88.859;0.0;-14.489870927469372;0.4009446342985896;3.1113491072371917;-0.0;0.0
88.961;0.0;-14.489870927469372;0.4009446342985896;3.1113491072371917;-0.0;0.0
89.07;0.0;-14.489870927469372;0.4009446342985896;3.1113491072371917;-0.0;0.0
89.171;0.0;-14.489870927469372;0.4009446342985896;3.1113491072371917;-0.0;0.0
89.29;0.0;-14.489870927469372;0.4009446342985896;3.1113491072371917;-0.0;0.0
89.391;0.0;-14.489870927469372;0.4009446342985896;3.1113491072371917;-0.0;0.0
89.508;0.0;-14.489870927469372;0.4009446342985896;3.1113491072371917;-0.0;0.0
89.61;0.0;-14.489870927469372;0.4009446342985896;3.1113491072371917;-0.0;0.0
89.712;0.0;-14.489870927469372;0.4009446342985896;3.1113491072371917;-0.0;0.0
89.829;0.0;-14.489870927469372;0.4009446342985896;3.1113491072371917;-0.0;0.0
89.946;0.0;-14.489870927469372;0.4009446342985896;3.1113491072371917;-0.0;0.0
90.046;0.0;-14.489870927469372;0.4009446342985896;3.1113491072371917;-0.0;0.0
90.16;0.0;-14.489870927469372;0.4009446342985896;3.1113491072371917;-0.0;0.0
90.262;0.0;-14.489870927469372;0.4009446342985896;3.1113491072371917;-0.0;0.0
90.381;0.0;-14.489870927469372;0.4009446342985896;3.1113491072371917;-0.0;0.0
90.485;0.0;-14.489870927469372;0.4009446342985896;3.1113491072371917;-0.0;0.0
90.602;0.0;-14.489870927469372;0.4009446342985896;3.1113491072371917;-0.0;0.0
90.71;0.0;-14.489870927469372;0.4009446342985896;3.1113491072371917;-0.0;0.0
90.812;0.0;-14.169590868602693;0.3830771507110686;3.041216137682304;-0.0;0.0
90.913;0.0;-13.798983489127323;0.3629299721693666;2.9601444044483665;-0.0;0.0
91.016;0.0;-12.698260661813853;0.30641365535636744;2.719869172458472;-0.0;0.0
91.121;0.0;-11.97104328947983;0.27178422606558605;2.5615419404117765;-0.0;0.0
91.223;0.0;-11.235701883437144;0.23894393398830083;2.401778656227046;-0.0;0.0
91.323;0.0;-10.494012357665454;0.2080228345517785;2.2409716669343256;-0.0;0.0
91.423;0.0;-9.756778261956901;0.1794661517518552;2.081461274975003;-0.0;0.0
91.529;0.0;-9.383296660373405;0.1658240251000187;2.000778311168346;-0.0;0.0
91.643;0.0;-8.261410663060778;0.1281594085179396;1.7589175380877589;-0.0;0.0
91.753;0.0;-7.521341528632799;0.1060190962299945;1.5997765797570678;-0.0;0.0
91.861;0.0;-6.773087742875493;0.08580511332548468;1.4392000995529208;-0.0;0.0
91.965;0.0;-6.023884674342299;0.06773958432708405;1.2787435479942517;-0.0;0.0
92.074;0.0;-5.275551922328062;0.051853694348261925;1.118793487320201;-0.0;0.0
92.177;0.0;-4.149469049651191;0.03198635704491082;0.8786983778218951;-0.0;0.0
92.277;0.0;-3.4042560520884044;0.021487836987077458;0.7201987904889302;-0.0;0.0
92.379;0.0;-2.65264486508509;0.013021829299489696;0.5606488166791952;-0.0;0.0
92.48;0.0;-1.8982724548811887;0.006655756550104641;0.4008231326253861;-0.0;0.0
92.585;0.0;-1.1502837546244733;0.002439315390706298;0.24265401451467664;-0.0;0.0
92.691;0.0;-0.3940500860947033;0.0002857152807109742;0.08304623544109833;-0.0;0.0
92.791;-0.0;0.3631158929822648;0.00024215686516981805;-0.07645424490283648;-0.0;0.0
92.913;-0.0;1.1101921565680604;0.0022594001543723152;-0.2335339665851765;-0.0;0.0
93.021;-0.0;1.8655258706429452;0.006367734732606323;-0.3920545578330896;-0.0;0.0
93.133;-0.0;2.6217774574790447;0.012553434843368905;-0.5504731428481896;-0.0;0.0
93.239;-0.0;3.373415071497997;0.020744731428976593;-0.707635882444645;-0.0;0.0
93.347;-0.0;4.5117938987451405;0.03700482622928547;-0.9451207249396532;-0.0;0.0
93.454;-0.0;5.263843239116532;0.050277331403394854;-1.1016559320375376;-0.0;0.0
93.558;-0.0;6.026040583101374;0.0657703282352049;-1.260018537018698;-0.0;0.0
93.658;-0.0;6.787297584656714;0.08328447870692912;-1.4179022648305968;-0.0;0.0
93.759;-0.0;7.543894992203679;0.10270097398938738;-1.5745415491158086;-0.0;0.0
93.859;-0.0;8.306957656948578;0.12430177201367876;-1.7322412593951342;-0.0;0.0
93.96;-0.0;9.072784004907803;0.14800807257553217;-1.890234019352134;-0.0;0.0
94.061;-0.0;9.832068624201373;0.17350637058334684;-2.046604758768282;-0.0;0.0
94.163;-0.0;10.597833661172563;0.2012232831235643;-2.2040379652288227;-0.0;0.0
94.265;-0.0;11.364497940092102;0.2309753952118836;-2.3613848635642456;-0.0;0.0
94.366;-0.0;12.11897965369117;0.2622010628216014;-2.515969057544521;-0.0;0.0
94.468;-0.0;12.88368123450081;0.2958098665927871;-2.6723840628727027;-0.0;0.0
94.582;-0.0;13.647396137730382;0.33133495647881617;-2.8283353575147823;-0.0;0.0
94.683;-0.0;14.749592718774245;0.386037805264948;-3.0529484779646237;-0.0;0.0
94.785;-0.0;14.839648570261698;0.3906858071426935;-3.0712770335610764;-0.0;0.0
94.887;-0.0;14.839648570261698;0.3906858071426935;-3.0712770335610764;-0.0;0.0
94.991;-0.0;14.839648570261698;0.3906858071426935;-3.0712770335610764;-0.0;0.0
95.092;-0.0;14.839648570261698;0.3906858071426935;-3.0712770335610764;-0.0;0.0
95.206;-0.0;14.839648570261698;0.3906858071426935;-3.0712770335610764;-0.0;0.0
95.318;-0.0;14.839648570261698;0.3906858071426935;-3.0712770335610764;-0.0;0.0
95.43;-0.0;14.839648570261698;0.3906858071426935;-3.0712770335610764;-0.0;0.0
95.543;-0.0;14.839648570261698;0.3906858071426935;-3.0712770335610764;-0.0;0.0
95.648;-0.0;14.839648570261698;0.3906858071426935;-3.0712770335610764;-0.0;0.0
95.765;-0.0;14.839648570261698;0.3906858071426935;-3.0712770335610764;-0.0;0.0
95.874;-0.0;14.839648570261698;0.3906858071426935;-3.0712770335610764;-0.0;0.0
95.989;-0.0;14.839648570261698;0.3906858071426935;-3.0712770335610764;-0.0;0.0
96.098;-0.0;14.839648570261698;0.3906858071426935;-3.0712770335610764;-0.0;0.0
96.213;-0.0;14.839648570261698;0.3906858071426935;-3.0712770335610764;-0.0;0.0
96.324;-0.0;14.839648570261698;0.3906858071426935;-3.0712770335610764;-0.0;0.0
96.433;-0.0;14.839648570261698;0.3906858071426935;-3.0712770335610764;-0.0;0.0
96.548;-0.0;14.839648570261698;0.3906858071426935;-3.0712770335610764;-0.0;0.0
96.656;-0.0;14.839648570261698;0.3906858071426935;-3.0712770335610764;-0.0;0.0
96.768;-0.0;14.839648570261698;0.3906858071426935;-3.0712770335610764;-0.0;0.0
96.875;-0.0;14.839648570261698;0.3906858071426935;-3.0712770335610764;-0.0;0.0
96.976;-0.0;14.708321184268918;0.3839166690854121;-3.044547529023342;-0.0;0.0
97.086;-0.0;13.952753973361418;0.3460848881075602;-2.890617021231564;-0.0;0.0
97.194;-0.0;13.183072238659365;0.30950355207550473;-2.733551037511095;-0.0;0.0
97.304;-0.0;12.423632165807483;0.2753546786855736;-2.5783154597983513;-0.0;0.0
97.419;-0.0;11.273047977717162;0.2273215604524843;-2.3426302320843813;-0.0;0.0
97.526;-0.0;10.50835484181144;0.1978812429226;-2.1856560821717763;-0.0;0.0
97.641;-0.0;9.735247668763892;0.17014481447139218;-2.0266799843084424;-0.0;0.0
97.747;-0.0;8.9630590413374;0.14448727439526365;-1.867614358941205;-0.0;0.0
97.864;-0.0;7.812998736301282;0.11008794899359842;-1.630188095918013;-0.0;0.0
97.968;-0.0;7.043105586008952;0.08962562254671624;-1.470893391760723;-0.0;0.0
98.07;-0.0;6.28339573630446;0.07146367325050207;-1.3134252313804862;-0.0;0.0
98.181;-0.0;5.5171909366272285;0.05519959276762698;-1.1543259526967584;-0.0;0.0
98.29;-0.0;4.75190910504568;0.04102440977736954;-0.9951299739867447;-0.0;0.0
98.405;-0.0;3.994932601406381;0.029048676200797985;-0.837375434611464;-0.0;0.0
98.508;-0.0;3.2351787459962336;0.01908587827934305;-0.6787530476794168;-0.0;0.0
98.609;-0.0;2.102790756582097;0.008085735163451346;-0.44178809676037456;-0.0;0.0
98.717;-0.0;1.3581931316413014;0.0033794969895897253;-0.2856141106941287;-0.0;0.0
98.844;-0.0;0.6034767999595703;0.0006684463901667215;-0.12702422629836518;-0.0;0.0
98.944;-0.0;0.011000367896237654;2.224352115831607e-07;-0.0023171542809993615;-0.0;0.0
99.052;-0.0;0.0;0.0;0.0;-0.0;0.0
99.159;-0.0;0.0;0.0;0.0;-0.0;0.0
99.272;-0.0;0.0;0.0;0.0;-0.0;0.0
99.372;-0.0;0.0;0.0;0.0;-0.0;0.0
99.492;-0.0;0.0;0.0;0.0;-0.0;0.0
99.607;-0.0;0.0;0.0;0.0;-0.0;0.0
99.717;-0.0;0.0;0.0;0.0;-0.0;0.0
99.83;-0.0;0.0;0.0;0.0;-0.0;0.0
99.937;-0.0;0.0;0.0;0.0;-0.0;0.0
100.053;-0.0;0.0;0.0;0.0;-0.0;0.0
100.159;-0.0;0.0;0.0;0.0;-0.0;0.0
100.268;-0.0;0.0;0.0;0.0;-0.0;0.0
100.378;-0.0;0.0;0.0;0.0;-0.0;0.0
100.494;-0.0;0.0;0.0;0.0;-0.0;0.0
100.605;-0.0;0.0;0.0;0.0;-0.0;0.0
100.711;-0.0;0.0;0.0;0.0;-0.0;0.0
100.811;-0.0;0.0;0.0;0.0;-0.0;0.0
100.915;-0.0;0.0;0.0;0.0;-0.0;0.0
101.015;-0.0;0.0;0.0;0.0;-0.0;0.0
101.123;-0.0;0.0;0.0;0.0;-0.0;0.0
101.223;0.0;-0.075;0.0;0.0;-0.0;0.0
101.324;0.0;-0.56625;0.0;0.0;-0.0;0.0
101.425;0.0;-1.07625;0.0;0.0;-0.0;0.0
101.53;0.0;-1.5875;0.0;0.0;-0.0;0.0
101.632;0.0;-2.0925;0.0;0.0;-0.0;0.0
101.733;0.0;-2.6025;0.0;0.0;-0.0;0.0
101.833;0.0;-3.1125;0.0;0.0;-0.0;0.0
101.934;0.0;-3.3625;0.0;0.0;-0.0;0.0
102.034;0.0;-4.125;0.0;0.0;-0.0;0.0
102.138;0.0;-4.63;0.0;0.0;-0.0;0.0
102.258;0.0;-5.0;0.0;0.0;-0.0;0.0
102.375;0.0;-5.0;0.0;0.0;-0.0;0.0
102.477;0.0;-5.0;0.0;0.0;-0.0;0.0
102.59;0.0;-5.0;0.0;0.0;-0.0;0.0
102.693;0.0;-5.0;0.0;0.0;-0.0;0.0
102.811;0.0;-5.0;0.0;0.0;-0.0;0.0
102.913;0.0;-5.0;0.0;0.0;-0.0;0.0
103.028;0.0;-5.0;0.0;0.0;-0.0;0.0
103.13;0.0;-5.0;0.0;0.0;-0.0;0.0
103.248;0.0;-5.0;0.0;0.0;-0.0;0.0
103.35;0.0;-5.0;0.0;0.0;-0.0;0.0
103.467;0.0;-5.0;0.0;0.0;-0.0;0.0
103.568;0.0;-5.0;0.0;0.0;-0.0;0.0
103.687;0.0;-5.0;0.0;0.0;-0.0;0.0
103.788;0.0;-5.0;0.0;0.0;-0.0;0.0
103.908;0.0;-5.0;0.0;0.0;-0.0;0.0
104.01;0.0;-5.0;0.0;0.0;-0.0;0.0
104.121;0.0;-5.0;0.0;0.0;-0.0;0.0
104.222;0.0;-5.0;0.0;0.0;-0.0;0.0
104.339;0.0;-5.0;0.0;0.0;-0.0;0.0
104.441;0.0;-5.0;0.0;0.0;-0.0;0.0
104.561;0.0;-4.88625;0.0;0.0;-0.0;0.0
104.663;0.0;-4.12375;0.0;0.0;-0.0;0.0
104.78;0.0;-3.87;0.0;0.0;-0.0;0.0
104.881;0.0;-3.1125;0.0;0.0;-0.0;0.0
104.997;0.0;-2.60375;0.0;0.0;-0.0;0.0
105.098;0.0;-2.095;0.0;0.0;-0.0;0.0
105.213;0.0;-1.5875;0.0;0.0;-0.0;0.0
105.314;0.0;-0.8325;0.0;0.0;-0.0;0.0
105.417;0.0;-0.57875;0.0;0.0;-0.0;0.0
105.519;0.0;-0.0825;0.0;0.0;-0.0;0.0
105.621;-0.0;0.0;0.0;0.0;-0.0;0.0
105.726;-0.0;0.0;0.0;0.0;-0.0;0.0
105.839;-0.0;0.0;0.0;0.0;-0.0;0.0
105.941;-0.0;0.0;0.0;0.0;-0.0;0.0
106.056;-0.0;0.0;0.0;0.0;-0.0;0.0
106.161;-0.0;0.0;0.0;0.0;-0.0;0.0
106.261;-0.0;0.0;0.0;0.0;-0.0;0.0
106.363;-0.0;0.0;0.0;0.0;-0.0;0.0
106.463;-0.0;0.0;0.0;0.0;-0.0;0.0
106.565;-0.0;0.0;0.0;0.0;-0.0;0.0
106.665;-0.0;0.0;0.0;0.0;-0.0;0.0
106.777;-0.0;0.0;0.0;0.0;-0.0;0.0
106.888;-0.0;0.0;0.0;0.0;-0.0;0.0
106.997;-0.0;0.0;0.0;0.0;-0.0;0.0
107.099;-0.0;0.0;0.0;0.0;-0.0;0.0
107.208;-0.0;0.0;0.0;0.0;-0.0;0.0
107.322;-0.0;0.0;0.0;0.0;-0.0;0.0
107.432;-0.0;0.0;0.0;0.0;-0.0;0.0
107.537;-0.0;0.0;0.0;0.0;-0.0;0.0
107.643;-0.0;0.0;0.0;0.0;-0.0;0.0
107.751;-0.0;0.0;0.0;0.0;-0.0;0.0
107.852;-0.0;0.0;0.0;0.0;-0.0;0.0
107.957;-0.0;0.0;0.0;0.0;-0.0;0.0
108.062;-0.0;0.0;0.0;0.0;-0.0;0.0
108.169;-0.0;0.0;0.0;0.0;-0.0;0.0
108.273;-0.0;0.0;0.0;0.0;-0.0;0.0
108.383;-0.0;0.0;0.0;0.0;-0.0;0.0
108.494;-0.0;0.0;0.0;0.0;-0.0;0.0
108.606;-0.0;0.0;0.0;0.0;-0.0;0.0
108.715;-0.0;0.0;0.0;0.0;-0.0;0.0
108.825;-0.0;0.0;0.0;0.0;-0.0;0.0
108.928;-0.0;0.0;0.0;0.0;-0.0;0.0
109.029;-0.0;0.0;0.0;0.0;-0.0;0.0
109.136;-0.0;0.0;0.0;0.0;-0.0;0.0
109.251;-0.0;0.0;0.0;0.0;-0.0;0.0
109.352;-0.0;0.0;0.0;0.0;-0.0;0.0
109.455;-0.0;0.0;0.0;0.0;-0.0;0.0
109.565;-0.0;0.0;0.0;0.0;-0.0;0.0
109.682;-0.0;0.0;0.0;0.0;-0.0;0.0
109.792;-0.0;0.0;0.0;0.0;-0.0;0.0
109.899;-0.0;0.0;0.0;0.0;-0.0;0.0
110.013;-0.0;0.0;0.0;0.0;-0.0;0.0
110.127;-0.0;0.0;0.0;0.0;-0.0;0.0
110.24;-0.0;0.0;0.0;0.0;-0.0;0.0
110.346;-0.0;0.0;0.0;0.0;-0.0;0.0
110.46;-0.0;0.0;0.0;0.0;-0.0;0.0
110.567;-0.0;0.0;0.0;0.0;-0.0;0.0
110.678;-0.0;0.0;0.0;0.0;-0.0;0.0
110.787;-0.0;0.0;0.0;0.0;-0.0;0.0
110.899;-0.0;0.0;0.0;0.0;-0.0;0.0
111.02;-0.0;0.0;0.0;0.0;-0.0;0.0
111.124;-0.0;0.0;0.0;0.0;-0.0;0.0
111.237;-0.0;0.0;0.0;0.0;-0.0;0.0
111.346;-0.0;0.0;0.0;0.0;-0.0;0.0
111.46;-0.0;0.0;0.0;0.0;-0.0;0.0
111.569;-0.0;0.0;0.0;0.0;-0.0;0.0
111.682;-0.0;0.0;0.0;0.0;-0.0;0.0
